MONTH,p,delta,xi,v
1,1458.0,0,495,495.0
2,0.0,1,590,590.0
3,0.0,1,130,130.0
4,726.0,0,200,200.0
5,0.0,1,405,405.0
6,960.0,0,475,475.0
7,0.0,1,325,325.0
8,1476.0,0,670,670.0
9,0.0,1,210,210.0
10,0.0,1,350,116.66666666666667
11,0.0,1,0,116.66666666666667
12,0.0,1,0,116.66666666666667
