MONTH,p,delta,xi,v
1,1458.0,1,495,495.0
2,0.0,0,590,590.0
3,0.0,0,130,130.0
4,726.0,1,200,200.0
5,0.0,0,405,405.0
6,960.0,1,475,475.0
7,0.0,0,325,325.0
8,1476.0,1,670,670.0
9,0.0,0,210,210.0
10,0.0,0,350,116.66666666666667
11,0.0,0,0,116.66666666666667
12,0.0,0,0,116.66666666666667
